page_url,http_status,title,meta_description,meta_description_len,h1,canonical,internal_links_count,external_links_count,images_count,broken_internal_links,broken_external_links,broken_images
https://oneworldrental.ae,200,Complete Event IT Rental Solutions | One World Rental UAE,We provide all event IT rental solutions in UAE. We are event technology professionals thanks to our experience in the field. Call us +971 4 554 3022!,150,High-Performance IT Rental & Event Technology,https://oneworldrental.ae/,61,4,12,,,
https://oneworldrental.ae/assets/front/front_assets/assets/pdf/catalogue.pdf,200,,,0,,,0,0,0,,,
https://oneworldrental.ae/assets/front/front_assets/assets/pdf/brochure.pdf,200,,,0,,,0,0,0,,,
https://oneworldrental.ae/,200,Complete Event IT Rental Solutions | One World Rental UAE,We provide all event IT rental solutions in UAE. We are event technology professionals thanks to our experience in the field. Call us +971 4 554 3022!,150,High-Performance IT Rental & Event Technology,https://oneworldrental.ae/,61,4,12,,,
https://oneworldrental.ae/tablet-rental,200,"Tablet Rental for UAE Events: iPad, Windows Tablets & More",Explore Tablet rental at One World Rental: Gain access to tablets for events in the UAE. Enjoy flexible rental options & delivery. Contact us today! ,149,"Tablet Rental for UAE Events: iPad, Windows Tablets & More",https://oneworldrental.ae/tablet-rental,62,4,37,,,
https://oneworldrental.ae/ipad-rental-hire,200,Amazing Rent iPad UAE Service Available at One World Rental,"To ensure effective management of your event across the globe through iPad rentals, reach out to One World Rental now. Contact us at +971 4 554 3022. ",150,iPad Rental - Reliable iPad Rental Services in Dubai Abu Dhabi,https://oneworldrental.ae/ipad-rental-hire,61,4,36,,,
https://oneworldrental.ae/iphone-rental,200,"iPhone Rental | Your Event, Upgraded",Get top-notch iPhone rental for your UAE events. Enhance engagement effortlessly with One World Rental's tech solutions. Contact us now.  ,138,"iPhone Rental | Your Event, Upgraded",https://oneworldrental.ae/iphone-rental,61,4,46,,,
https://oneworldrental.ae/mobile-phone-rental,200,Mobile Phone Rental in UAE | Ready To Use | One World Rental,"Reliable mobile phone rental in UAE for events. Rent smartphones, including Android and iPhone models, with flexible plans and 24/7 support. Contact us!",152,Mobile Phone Rentals for Efficient Event Communication,https://oneworldrental.ae/mobile-phone-rental,61,4,53,,,
https://oneworldrental.ae/ipad-pro-rental,200,iPad Pro Rental | Flexible Rental Plans | One World Rental,"Discover iPad Pro rental solutions for your events. Enjoy top-quality devices, flexible rental plans, and expert support. Get your quote today!",143,The Perfect iPad Pro Rental for Events in the UAE,https://oneworldrental.ae/ipad-pro-rental,62,4,30,,,
https://oneworldrental.ae/rent-ipad-uae,200,Rent iPad UAE Professional Events | One World Rental UAE,Looking for rent iPad UAE. This event rent any quantity of iPad from the best of the best. We know how to skyrocket your event ROI at best price.,145,IPAD RENTAL FOR TEAM EVENTS ACROSS UAE,https://oneworldrental.ae/rent-ipad-uae,61,4,11,,,
https://oneworldrental.ae/cellular-ipad-rental,200,Cellular iPad Rental Solutions | One World Rental UAE,Get cellular iPad rental for your upcoming event and experience the seamless internet with ultimate affordability. Get in touch with us today.,142,CELLULAR IPAD RENTAL IN ANY QUANTITY THROUGHOUT THE MIDDLE EAST!,https://oneworldrental.ae/cellular-ipad-rental,61,4,11,,,
https://oneworldrental.ae/rent-ipad-saudi-arabia,200,Rent iPad Saudi Arabia | One World Rental UAE,Rent iPad Saudi Arabia - We offer iPad rental service to meet your short-term & long-term needs for business events in Saudi Arabia. Contact us today!,150,IPHONE & IPAD RENTAL AVAILABLE IN SAUDI ARABIA,https://oneworldrental.ae/rent-ipad-saudi-arabia,61,4,11,,,
https://oneworldrental.ae/ipad-rental-bahrain,200,iPad Rental Bahrain and More| One World Rental UAE,Looking for iPad rental Bahrain? We provide expert technology rentals especially iPads on rent in Bahrain & all around the globe. Get in touch today.,149,RENT IPAD BAHRAIN FOR CORPORATE CONFERENCES,https://oneworldrental.ae/ipad-rental-bahrain,61,4,11,,,
https://oneworldrental.ae/ipad-rental-singapore,200,iPad Rental Singapore for Business Events| One World Rental UAE,Looking for iPad Rental Singapore? We provide expert technology rentals especially iPads on rent in Singapore & all around the globe. Contact us today,150,RENT IPAD SINGAPORE WITH RUCKUS WIRELESS NETWORKS,https://oneworldrental.ae/ipad-rental-singapore,61,4,11,,,
https://oneworldrental.ae/ipad-rental-hire-australia,200,iPad Rental Hire Australia and Beyond | One World Rental UAE,Looking for iPad Rental Hire Australia? We provide expert technology rentals especially iPads on rent in Australia & all around the globe. Contact us!,150,HIRE IPADS & IMACS IN AUSTRALIA,https://oneworldrental.ae/ipad-rental-hire-australia,61,4,11,,,
https://oneworldrental.ae/ipad-rantal-egypt,200,iPad Rental Egypt for Corporate Events | One World Rental UAE,One World Rental Offers iPad rental Egypt within a reasonable Price. We can deliver you thousands of iPad units. Get in touch today +971 4 554 3022.,148,PROVIDING IPAD & MONITOR RENTAL IN EGYPT,https://oneworldrental.ae/ipad-rantal-egypt,61,4,11,,,
https://oneworldrental.ae/giant-tablet-rental,200,Giant Tablet Rental - Boost Engagement & Brand Impact,Engage audiences with giant tablet rentals for events in the UAE. Captivate with interactive displays boost brand impact. Contact One World Rental.,147,Giant Tablet Rental for Events in the UAE – One World Rental,https://oneworldrental.ae/giant-tablet-rental,63,4,21,,,
https://oneworldrental.ae/laptop-rental,200,Event-Ready Laptop Rental in UAE: Get a Quote Now," Laptop rental for events, training, and business in the UAE. Fast delivery and setup in Dubai, Abu Dhabi & beyond. Request your free quote today!",146,"UAE Laptop rental experts: Fast, Tested & Event-Ready",https://oneworldrental.ae/laptop-rental,61,4,30,,,
https://oneworldrental.ae/dell-laptop-rental,200,Dell Laptop Rental Solutions | Upgrade Your Event Experience, One World Rental offers Dell laptop rental for events in the UAE. Elevate your events with our seamless and reliable services. Contact us now!,143,Dell Laptop Rental Solutions | Upgrade Your Event Experience,https://oneworldrental.ae/dell-laptop-rental,61,4,15,,,
https://oneworldrental.ae/hp-laptop-rental,200,HP Laptop Rental in the UAE | Ready for Your Next Event,"Get fast HP laptop rental across the UAE. Prepped, tested, and delivered for business events, training, expos & more. Contact us now!",133,"HP Laptop Rental in the UAE | Fast Setup, Business-Ready Devices",https://oneworldrental.ae/hp-laptop-rental,62,4,20,,,
https://oneworldrental.ae/gaming-laptop-rental,200,Gaming Laptop Rental Solutions |One World Rental UAE,Transform your UAE events with top-tier gaming laptop rentals from One World Rental. Elevate engagement and excitement effortlessly,131,Gaming Laptop Rental Solution For Events in the UAE,https://oneworldrental.ae/gaming-laptop-rental,62,4,19,,,
https://oneworldrental.ae/lenovo-laptop-rental,200,Lenovo Laptop Rental For Events | One World Rental UAE, Boost workplace productivity with our Lenovo laptop rental. The most advanced ThinkPad laptops are available from One World Rental. Contact Us!,144,"Lenovo Laptop Rental | Lightweight, Powerful, Built to Last",https://oneworldrental.ae/lenovo-laptop-rental,63,4,22,,,
https://oneworldrental.ae/macbook-pro-rental,200,MacBook Pro Rental for Events | One World Rental UAE,"Optimize performance with our MacBook Pro rental in UAE. Discover the latest models, enjoy 24/7 support, and benefit from flexible terms. Contact us!",149,MacBook Pro Rental for Business and Event Success,https://oneworldrental.ae/macbook-pro-rental,66,4,26,,,
https://oneworldrental.ae/imac-rental,200,iMac Rental UAE | Quick Flexible Quote | One World Rental,"Get high-performance iMac rental in UAE with One World Rental. Quick, customized quotes & worldwide delivery for business events. Contact us!",141,High-Performance iMac Rental: Exceptional Display and Power,https://oneworldrental.ae/imac-rental,63,4,25,,,
https://oneworldrental.ae/mac-rental,200,"Mac Rental | Your Event Tech, Sorted Fast","Mac Rental in the UAE is simple now. Rent Apple Macs for events, expos, and training from us; fully configured and ready to go. Rent now! ",138,Mac Rental Across the UAE | Ready When You Are,https://oneworldrental.ae/mac-rental,61,4,24,,,
https://oneworldrental.ae/microsoft-surface-pro-rental,200,Microsoft Surface Pro Rental | One World Rental,"Discover flexible Microsoft Surface Pro Rental options at One World Rental for your events, offering top performance and versatility. Get a quote today!",152,Microsoft Surface Pro Rental: Versatile Technology for Your Team,https://oneworldrental.ae/microsoft-surface-pro-rental,61,4,22,,,
https://oneworldrental.ae/it-rental,200,IT Rental in UAE | Customized Quotes | One World Rental,Our customized IT rental solutions in UAE. Rent IT equipment for events with swift delivery and 24/7 support. Contact our experts today!,136,IT Rental Solutions for Events and Businesses in UAE,https://oneworldrental.ae/it-rental,61,4,33,,,
https://oneworldrental.ae/av-rental,200,AV Rental Made Easy | Nationwide Event Support," Get professional AV Rental for events across the UAE. Projectors, LED walls, sound systems, with expert setup & fast delivery. ",128,Professional AV rental services for the UAE event,https://oneworldrental.ae/av-rental,61,4,33,,,
https://oneworldrental.ae/apple-vision-pro-rental,200,Apple Vision Pro Rental Solution," Enhance your UAE events with short-term Apple Vision Pro rentals. Elevate presentations, training, and demos. Contact us for a quote now!   ",141,Apple Vision Pro Rental Solution,https://oneworldrental.ae/apple-vision-pro-rental,63,4,17,,,
https://oneworldrental.ae/led-walls-hire,200,LED Wall Hire For All Events | One World Rental UAE,Are you looking for a LED Wall Hire? We rent LED video walls for trade shows and events. For more info on LED Walls call us now at +971 4 554 3022.,147,SHOWCASE YOUR BUSINESS WITH LED VIDEO WALLS,https://oneworldrental.ae/led-walls-hire,61,4,11,,,
https://oneworldrental.ae/projector-hire,200,Projector Rental | Shine A Spotlight On Successful Event,One World Rental is your premier choice for projector hire in the UAE. Elevate your events with our cutting-edge technology. Contact us.  ,138,Projector Rental | Brilliant Displays for Successful Event,https://oneworldrental.ae/projector-hire,61,4,28,,,https://oneworldrental.ae/assets/front/front_assets/images/intro/Virtual_Reality_Rental_Intro2_Desktop.webp
https://oneworldrental.ae/pa-systems,200,Complete PA System Rental Solutions | One World Rental UAE,"Speaker Hire, PA System Rental services and Event Speaker System with an affordable price in UAE. For more info on PA Systems call us at: +971 4 554 3022.",154,HOST A FUN & INTERACTIVE BUSINESS MEETING,https://oneworldrental.ae/pa-systems,61,4,11,,,
https://oneworldrental.ae/hire-monitors,200,Hire Monitor For Business Events| One World Rental UAE,"Hire Monitors anywhere in the UAE & nearest location with an affordable prices, use our latest technology & get computer rental. Contact us today!",146,SETUP TEMP OFFICES AND CLASSROOMS,https://oneworldrental.ae/hire-monitors,62,4,15,,,
https://oneworldrental.ae/touchscreen-hire,200,Touch screen hire For Presentations |One World Rental UAE,Are you searching for Touch screen hire in Dubai? We provide best touch screen for events & exhibitions. Contact us to make your events interactive.,148,TOUCH SCREEN RENTAL FOR INTERACTIVE PRESENTATIONS,https://oneworldrental.ae/touchscreen-hire,61,4,11,,,
https://oneworldrental.ae/ipod-touch-rental,200,iPod Touch Rental UAE: Effortless Registration & Payments, Choose iPod touch rental from One World Rental UAE. We provide rental services for smooth and excellent event management. Call +971 4 554 3022. ,145,iPod Touch Rental UAE: Effortless Registration & Payments,https://oneworldrental.ae/ipod-touch-rental,65,4,19,,,
https://oneworldrental.ae/vr-rental,200,VR Rental | Taking Your Events to the Next Dimension,Enhance events with immersive VR rental experiences. Elevate engagement and create unforgettable moments. Contact us today!,123,VR Rental | Taking Your Events to the Next Dimension,https://oneworldrental.ae/vr-rental,61,4,27,,,
https://oneworldrental.ae/oculus-quest-vr-rent,200,Oculus Quest Rental | One World Rental,Improve UAE events with immersive Oculus Quest rental from One World Rental. Delight guests with advanced VR experiences. Contact us today!,139,Oculus Quest Rental for Your Event Success!,https://oneworldrental.ae/oculus-quest-vr-rent,62,4,18,,,
https://oneworldrental.ae/pc-hire-rental,200,PC Hire and Event PC Rental Solutions| One World Rental UAE,Looking for PC hire in UAE? Rent any quantity of PC's on today and increase your event ROI at affordable prices. Call us at +971 4 554 3022.,140,PC HIRE FOR OFFICES & EDUCATIONAL LEARNING,https://oneworldrental.ae/pc-hire-rental,61,4,11,,,
https://oneworldrental.ae/speaker-rental,200,Speaker Rental For Events | OWR AE,"Top-quality speaker rental for your UAE event. Easy quote, fast delivery, expert setup. Perfect sound, guaranteed. Contact Us Now!",130,Speaker Rental For Events in The UAE,https://oneworldrental.ae/speaker-rental,62,4,17,,,
https://oneworldrental.ae/accessories,200,Event Technology Accessories For Events | One World Rental UAE,All The advance Event Technology Accessories are available within a reasonable price. Contact us & make your event successful with Latest technology.,149,EVENT TECHNOLOGY ACCESSORIES,https://oneworldrental.ae/accessories,61,4,11,,,
https://oneworldrental.ae/printers-rental,200,Printers Rental | Empowering Your Event's Print Needs,"One World Rental is your trusted source for event printers rental in the UAE. Efficient, cost-effective, and hassle-free printing solution. ",140,Printers Rental | Empowering Your Event's Print Needs,https://oneworldrental.ae/printers-rental,61,4,38,,,
https://oneworldrental.ae/epson-c3500-printer-rental,200,Epson C3500 printer Rental | One World Rental,C3500 printer rental - Rent the most versatile and on-demand Epson C3500 printer from One World rental. Contact us now and get a free quote today!,146,Epson Colorworks C3500 Printer Rental - Something Beyond Printing,https://oneworldrental.ae/epson-c3500-printer-rental,61,4,19,,,
https://oneworldrental.ae/epson-c4000-printer-rental,200,Epson C4000 Printer Rental | UAE’s Fastest Badge Prints,"Get Epson C4000 Printer Rental with fast delivery across the UAE. High-res badge printing, built for busy conferences and trade shows. Rent now! ",145,Epson C4000 Printer Rental for UAE Events,https://oneworldrental.ae/epson-c4000-printer-rental,62,4,25,,,
https://oneworldrental.ae/rent-ipad-stands,200,Rent iPad Stand | Desktop & Kiosk Stands for UAE Events,"Rent iPad stands in UAE with One World Rental. Choose from desktop and kiosk stands for registration, POS, surveys, and more. Get a quote today!",144,Rent iPad Stand | Practical Solutions for UAE Events,https://oneworldrental.ae/rent-ipad-stands,61,4,33,,,
https://oneworldrental.ae/barcode-scanner-rental,200,Barcode Scanner Rental for Events in the UAE,Simplify event operations with barcode scanner rentals from One World Rental. Streamline check-ins and inventory management effortlessly. ,138,Barcode Scanner Rental for Events in the UAE,https://oneworldrental.ae/barcode-scanner-rental,62,4,22,,,https://oneworldrental.ae/assets/front/front_assets/images//Intro/Rent_Barcode_Scanners_Intro_Desktop.webp
https://oneworldrental.ae/epos-rental,200,EPOS Rental in UAE | Event-Ready Devices,"Get rapid EPOS Rental across the UAE for events of all sizes. Accept cards, mobile pay, and stay on top of every transaction, hassle-free.",138,EPOS Rental,https://oneworldrental.ae/epos-rental,63,4,34,,,
https://oneworldrental.ae/check-in-registration,200,Event Check-In Registration Solutions | One World Rental UAE,We provide corporate event check-in registration solutions. Our event registration system app is efficient with user friendly interface.,136,EVENT REGISTRATION & CHECK IN SOLUTIONS,https://oneworldrental.ae/check-in-registration,61,4,11,,,
https://oneworldrental.ae/technical-event-staff,200,Technical Event Staff For Events | One World Rental UAE,Our event staff services & event technologies are reliable. We have trained and professional technical event staff who will help you out. Know more!,148,24/7 ON-SITE & REMOTE TECHNICAL ASSISTANCE,https://oneworldrental.ae/technical-event-staff,61,4,11,,,
https://oneworldrental.ae/global-fulfilment,200,Global Fulfilment- Get Services Anywhere| One World Rental UAE,Looking for Global Fulfilment partner in UAE? Don't worry we got your back. We operate all around the globe with ultimate reliability and commitment.,149,GLOBAL CONNECTIONS,https://oneworldrental.ae/global-fulfilment,61,4,11,,,
https://oneworldrental.ae/conference-app,200,Leading Conference App Rental Solutions| One World Rental UAE,Looking for Conference app rental in UAE? We understand how important it is for you to be able to communicate effectively with your attendees. Contact us!,154,PROVIDING INTERACTIVE IPAD APPS FOR,https://oneworldrental.ae/conference-app,61,4,11,,,
https://oneworldrental.ae/it-rental-for-education,200,IT Rental For Education for Events in the UAE," One World Rental provides IT Rental For Education. Rent laptops, iPads, and VR headsets for seamless exams and enriched learning experiences. ",143,IT Rental for Education for UAE Events,https://oneworldrental.ae/it-rental-for-education,62,4,18,,,
https://oneworldrental.ae/hand-sanitiser,200,Hand Sanitising Kiosk Rental | One World Rental UAE,We offer Hand sanitizing Kiosk rental services in UAE. Simply put your hands into the machine & the hand sanitizer gel will auto-dispense. Contact us today!,156,The Latest Contactless Digital Signage & Hand Sanitising Kiosk,https://oneworldrental.ae/hand-sanitiser,61,4,11,,,
https://oneworldrental.ae/festival-wi-fi,200,Festival WIFI Rental Services | One World Rental UAE,Looking for festival WIFI rental in UAE? We provide expert technology rentals especially WIFI for festivals at affordable rates. Call +971 4 554 3022.,150,PUBLIC AND FESTIVAL WIFI RENTAL SERVICES,https://oneworldrental.ae/festival-wi-fi,63,4,11,,,
https://oneworldrental.ae/event-wifi-rental,200,Event WiFi Rental Across the UAE | Get Connected Fast,"Fast, reliable event WiFi rental across the UAE with full setup, expert support, and high-speed internet for conferences, festivals, and more.",142,Event wifi rental services | fast and secure,https://oneworldrental.ae/event-wifi-rental,61,4,28,,,
https://oneworldrental.ae/event-telecoms,200,Event Telecoms Rental Solutions| One World Rental UAE,Looking to rent event telecoms? Our events technology for business events is best known for its reliabilitly. Call us today at +971 4 554 3022!,143,EVENT TELECOMS YOU CAN RELY UPON!,https://oneworldrental.ae/event-telecoms,61,4,11,,,
https://oneworldrental.ae/satellite-internet-rent,200,Rent Satellite Internet For Events | One World Rental UAE,"Rent Satellite internet services to get fast, secure, and complete internet coverage in your outdoor events, expos, festivals, and conferences.",143,RENT SATELLITE INTERNET IN REMOTE LOCATIONS,https://oneworldrental.ae/satellite-internet-rent,61,4,11,,,
https://oneworldrental.ae/wifi-box,200,Rent WiFi in a Box: One World Rental UAE,Experience smooth connectivity at your UAE event with our Plug-and-Play WiFi in a Box. Effortless setup ensures guaranteed success. Contact us! ,144,Rent WiFi in a Box: Effortless Internet for Every UAE Event,https://oneworldrental.ae/wifi-box,61,4,18,,,
https://oneworldrental.ae/about-us,200,About Us | One World Rental UAE,"Discover One World Rental top IT equipment rental services, global reach, and commitment to exceptional event support in UAE & Worldwide. Explore our history.",158,About Us | One World Rental,https://oneworldrental.ae/about-us,61,4,11,,,
https://oneworldrental.ae/contact-us,200,Contact Us For Technology Rental Solutions| One World Rental UAE,Rent from the globally trusted technology rental provider today! Contact Us today with any query. Our helping hands would always be at your service.,148,EVENT TECHNOLOGY SUPPLIED IN,https://oneworldrental.ae/contact-us,61,9,11,,,
https://oneworldrental.ae/privacy-policy,200,Privacy Policy | One World Rental UAE,Read our Complete Privacy Policy. We respect the privacy of your personal information & make ensure your information is protected & remains private.,148,EVENT TECHNOLOGY SUPPLIED IN,https://oneworldrental.ae/privacy-policy,61,4,11,,,
https://oneworldrental.ae/careers,200,Join Our Team | One World Rental,"Join our diverse team at One World Rental in sales, marketing, software engineering, and services. Discover exciting career opportunities today!",144,Join Our Team in the UAE,https://oneworldrental.ae/careers,61,4,77,,,
https://oneworldrental.ae/assets/front/front_assets/assets/images/brochure-v2.pdf,200,,,0,,,0,0,0,,,
https://oneworldrental.ae/microsoft-surface-pro,200,Microsoft Surface Pro Rental | One World Rental,"Discover flexible Microsoft Surface Pro Rental options at One World Rental for your events, offering top performance and versatility. Get a quote today!",152,Microsoft Surface Pro Rental: Versatile Technology for Your Team,https://oneworldrental.ae/microsoft-surface-pro-rental,61,4,22,,,
https://oneworldrental.ae/ipad-rental,200,Amazing Rent iPad UAE Service Available at One World Rental,"To ensure effective management of your event across the globe through iPad rentals, reach out to One World Rental now. Contact us at +971 4 554 3022. ",150,iPad Rental - Reliable iPad Rental Services in Dubai Abu Dhabi,https://oneworldrental.ae/ipad-rental-hire,61,4,36,,,
https://oneworldrental.ae/monitor-rental,200,Hire Monitor For Business Events| One World Rental UAE,"Hire Monitors anywhere in the UAE & nearest location with an affordable prices, use our latest technology & get computer rental. Contact us today!",146,SETUP TEMP OFFICES AND CLASSROOMS,https://oneworldrental.ae/hire-monitors,62,4,15,,,
https://oneworldrental.ae/laptop-rental-service,200,Event-Ready Laptop Rental in UAE: Get a Quote Now," Laptop rental for events, training, and business in the UAE. Fast delivery and setup in Dubai, Abu Dhabi & beyond. Request your free quote today!",146,"UAE Laptop rental experts: Fast, Tested & Event-Ready",https://oneworldrental.ae/laptop-rental,61,4,30,,,
https://oneworldrental.ae/macbook-pro,200,MacBook Pro Rental for Events | One World Rental UAE,"Optimize performance with our MacBook Pro rental in UAE. Discover the latest models, enjoy 24/7 support, and benefit from flexible terms. Contact us!",149,MacBook Pro Rental for Business and Event Success,https://oneworldrental.ae/macbook-pro-rental,66,4,26,,,
https://oneworldrental.ae/giant-itab,200,Giant Tablet Rental - Boost Engagement & Brand Impact,Engage audiences with giant tablet rentals for events in the UAE. Captivate with interactive displays boost brand impact. Contact One World Rental.,147,Giant Tablet Rental for Events in the UAE – One World Rental,https://oneworldrental.ae/giant-tablet-rental,63,4,21,,,
https://oneworldrental.ae/ipod-iphone-rent,200,"iPhone Rental | Your Event, Upgraded",Get top-notch iPhone rental for your UAE events. Enhance engagement effortlessly with One World Rental's tech solutions. Contact us now.  ,138,"iPhone Rental | Your Event, Upgraded",https://oneworldrental.ae/iphone-rental,61,4,46,,,
https://oneworldrental.ae/imacs,200,iMac Rental UAE | Quick Flexible Quote | One World Rental,"Get high-performance iMac rental in UAE with One World Rental. Quick, customized quotes & worldwide delivery for business events. Contact us!",141,High-Performance iMac Rental: Exceptional Display and Power,https://oneworldrental.ae/imac-rental,63,4,25,,,
https://oneworldrental.ae/imac-hire,200,iMac Rental UAE | Quick Flexible Quote | One World Rental,"Get high-performance iMac rental in UAE with One World Rental. Quick, customized quotes & worldwide delivery for business events. Contact us!",141,High-Performance iMac Rental: Exceptional Display and Power,https://oneworldrental.ae/imac-rental,63,4,25,,,
https://oneworldrental.ae/iphones,200,"iPhone Rental | Your Event, Upgraded",Get top-notch iPhone rental for your UAE events. Enhance engagement effortlessly with One World Rental's tech solutions. Contact us now.  ,138,"iPhone Rental | Your Event, Upgraded",https://oneworldrental.ae/iphone-rental,61,4,46,,,
https://oneworldrental.ae/ipads,200,Amazing Rent iPad UAE Service Available at One World Rental,"To ensure effective management of your event across the globe through iPad rentals, reach out to One World Rental now. Contact us at +971 4 554 3022. ",150,iPad Rental - Reliable iPad Rental Services in Dubai Abu Dhabi,https://oneworldrental.ae/ipad-rental-hire,61,4,36,,,
https://oneworldrental.ae/imac,200,iMac Rental UAE | Quick Flexible Quote | One World Rental,"Get high-performance iMac rental in UAE with One World Rental. Quick, customized quotes & worldwide delivery for business events. Contact us!",141,High-Performance iMac Rental: Exceptional Display and Power,https://oneworldrental.ae/imac-rental,63,4,25,,,
https://oneworldrental.ae/laptop-rentals,200,Event-Ready Laptop Rental in UAE: Get a Quote Now," Laptop rental for events, training, and business in the UAE. Fast delivery and setup in Dubai, Abu Dhabi & beyond. Request your free quote today!",146,"UAE Laptop rental experts: Fast, Tested & Event-Ready",https://oneworldrental.ae/laptop-rental,61,4,30,,,
https://oneworldrental.ae/mac-pro-rental,200,MacBook Pro Rental Solutions | One World Rental UAE,Get the latest MacBook Pro Rental with us. Enjoy the best event exerience with our advanced technological features & support. Call us +971 4 554 3022!,150,MACBOOK PRO RENTAL FOR TRAINING SESSIONS,https://oneworldrental.ae/mac-pro-rental,63,4,11,,,
https://oneworldrental.ae/assets/front/front_assets/assets/images/Festival-WiFi.pdf,200,,,0,,,0,0,0,,,
https://oneworldrental.ae/assets/front/front_assets/assets/images/Event-WiFi.pdf,200,,,0,,,0,0,0,,,
